0.0,0.0,0.0
0.0,0.0,0.0
0.0,0.0,0.0
0.0,0.0,0.0
0.0,0.0,0.0
0.0,0.0,0.0
0.0,0.0,0.0
-0.0031814566526531204,0.0,0.0
0.00034273963212614114,0.0,0.0
0.00985560394224157,0.0,0.0
0.00941879163795076,0.0,0.0
0.0025264124942581405,0.0,0.0
0.005235006259246543,0.0,0.0
-0.0026068230760512745,0.0,0.0
0.005015388122649011,0.0,0.0
-0.005253540429419917,-0.010339734121122721,0.0
-0.003517930095324583,0.003198903233177209,0.0
0.005461993627674146,0.012606005042401952,0.0
0.017067583046964596,0.019871353089823157,0.0
0.0187931620061134,0.0334175470831419,0.0
0.028863636363636435,0.030385797200409712,0.0
0.024951797663604433,0.02425478862065058,0.0
0.059701492537313466,0.05209164481933196,0.0
0.05386630224348028,0.05687528551850164,0.0
0.04956994114984151,0.05242850658193361,0.0
0.0402072305439801,0.05097860719162499,0.0
0.032003555950661296,0.06380297823596802,0.0
0.018776231499889426,0.044265821351749085,0.0
0.014495961049020718,0.04181818181818189,0.0
-0.0004333694474538683,0.046387660201882765,0.0
-0.0024854117138535118,0.05981630309988528,0.04885808430860126
0.010351520379555834,0.06707664275139506,0.07049011767394038
0.022845387613685573,0.06914893617021275,0.08262663305065314
0.03930225045762885,0.0870593535308029,0.10866069377440837
0.029921942758022606,0.05567285253917108,0.09095084979329354
0.03632198952879579,0.04937044400265075,0.08125640150221919
0.030674181660524585,0.05222972225296004,0.07775133174657145
0.03347416314592139,0.03358613217768157,0.08742733386526845
0.008858057630736374,0.021504214393775607,0.07960255824577431
0.006562930030697624,0.025339659262454267,0.07909668633681342
-0.011500207210940732,0.03302295365959287,0.08568502503413748
0.010315789473684252,0.03348767093787013,0.09942726231386033
0.024102726028838985,0.0548568950563747,0.10155100192460091
0.021979177621201003,0.059991273996509595,0.1043181818181819
0.0004192872117399585,0.03446780836765654,0.08245434955200177
0.01830106844388029,0.04279059690174415,0.10516647531572917
0.004942685876538004,0.01985058697972251,0.08825874046236191
-0.004087621842574159,0.005821954059489755,0.07537347215934809
0.0031256511773285803,-0.0024865312888519985,0.08435634643540933
-0.014902363823227162,0.008947368421052572,0.06511834648294254
-0.0012348219798312876,0.021576676139353723,0.07201237022310576
0.023575020955574184,0.027342517614891097,0.08100033196857356
0.020880947434032734,0.030083857442347907,0.0646803900325027
0.03568438677270821,0.04696921612186605,0.06948346660903384
0.042517364765312635,0.04174992112735302,0.06814750916540875
0.029185708350643977,0.03857038046326388,0.07286704200952798
0.036515388628064686,0.03511148155865795,0.06977495423710552
0.037193488563774975,0.03463514902363828,0.09139202081526461
0.044221517043709774,0.04970158468820743,0.112674520069808
0.03989009870764223,0.07072506286672255,0.10763060914805975
0.039506921289279545,0.06877207562850603,0.11450547069656584
0.02766000403795674,0.0652992884051904,0.08644610458911413
0.022807548693107183,0.06661755419911596,0.07282735259870854
0.026069451434323137,0.058786871624428715,0.056154164939908845
0.012118804013112137,0.06301512780386027,0.07252631578947369
0.008430546024899514,0.05985988048629716,0.08272813388064414
0.01820138956845092,0.06510390009212816,0.09422652224208637
0.010886469673405955,0.05830874122316072,0.09014675052410895
0.04528487229862475,0.0751742952409821,0.1256743890828308
0.05140601874691671,0.07571168988491823,0.1206225680933852
0.04953894447714339,0.07972550206882623,0.12137092547950948
0.04514672686230243,0.07186713638651233,0.10950197957907888
0.0333430543404296,0.055925300486738806,0.09249743062692703
0.02892839980778477,0.04950495049504947,0.10166700967277212
0.036057692307692304,0.054408454839025365,0.12898155909471923
0.008457851705666814,0.0430598755832038,0.11479326823187198
0.00441066066066065,0.05137524557956782,0.1200293009627459
-0.010842134778951273,0.044203256043413956,0.11376552304777944
-0.009860080758756665,0.03433392191485187,0.09513917739925215
-0.01157102539981189,0.031210128570026426,0.09619196661450181
-0.03241173173921164,0.006999125109361319,0.06727797238821348
-0.03136890951276098,0.0030754444978376492,0.06837956802129191
0.0004659398005777389,0.0323076923076923,0.09250025440113975
-0.0033635429318882503,0.0024433793816371124,0.07780135394564013
0.001228385145988807,-0.00563063063063071,0.06965475469412469
0.015269347496206368,0.0005608000747733646,0.08033101221112114
0.027600647187589283,0.013898018593295184,0.08676396577755416
0.039675644367216906,0.013170272812794034,0.06983212476408067
0.0373670594998562,0.011302073603586715,0.061366532692873156
0.013878539493293544,0.010208816705336373,0.06517271748703392
0.002437423830505345,-0.003541142484390974,0.039366251944012554
-0.008682521706304147,-0.018592917873493365,0.031827111984283
-0.018589444184960252,-0.007275819710856998,0.03660582141095223
-0.03834398444012226,-0.015269347496206368,0.018540317834020017
-0.03741875580315693,-0.013324450366422306,0.017469820394543145
-0.02309042209291586,0.021044502365093084,0.028190920579371937
-0.013688562241616858,0.028648078949889764,0.03181162902450747
0.014308426073131833,0.01024590163934421,0.04288461538461533
0.02875095201827871,0.013030842786162938,0.015506061460389116
0.012754616409670697,0.004152510381276066,-0.0015015015015014694
0.032456900703072375,0.0014012143858010808,0.001962800261706776
0.04813350053052951,0.0063906640733536885,0.020377500234763844
0.03214522076203088,0.013649025069637872,0.026999059266227702
0.02058494783904614,0.01200701948831622,0.023444797309919586
0.02821316614420065,0.024529168580615542,0.03498839907192572
0.04664075513603546,0.057701299915832664,0.05395582890690515
0.05761278195488717,0.07130616907844625,0.051387461459403906
0.06688432835820897,0.0886160289358462,0.0806954549749599
0.03625989324498433,0.08446499085042855,0.06790591805766309
0.04497572593203258,0.10041477765988228,0.08575235557247554
0.05311672903166932,0.09095206580315784,0.11391060913215559
0.036137015781922535,0.0762853949329359,0.10711890389958793
0.02254641909814334,0.06629172044993557,0.07721684053651273
0.04789833822091887,0.09124560429391078,0.10546545420455611
0.0415318702456938,0.11954887218045111,0.12419781049452634
0.06127886323268211,0.11473880597014922,0.11630079402148531
0.05189340813464237,0.10436223081170627,0.11141983884412338
0.03986480630903886,0.09911147751213698,0.11411327762302685
0.039290350497620134,0.09601168202975277,0.10917151565530625
0.038651102464332024,0.07711621233859406,0.10353697749196152
0.036041383989145186,0.08019451812555267,0.14252314598335353
0.03903626595030214,0.09988447525104412,0.17831302361005322
0.03891213389121344,0.08551193494797588,0.1817056919855321
0.035500000000000045,0.10355239786856138,0.1967639410574979
0.037919826652221114,0.0916900420757364,0.201311854924279
0.037888250478807534,0.08016292573013259,0.1784059752292711
0.032467532467532395,0.07330160103851145,0.1551788375558867
0.006793811901448787,0.06355382619974055,0.13405863912963312
0.002343055667770916,0.052069199457259165,0.14806588932074774
-0.004269029399919461,0.0377770315648086,0.16184210526315787
-0.017141477547078784,0.02200836820083678,0.1392723880597014
-0.01878914405010441,0.018333333333333358,0.12460887170992091
-0.021903080872914024,0.01600133344445372,0.11669872675643488
-0.012981777132720525,0.01931884420018314,0.11718536095646623
-0.0005691056910568552,0.023393273393273413,0.10231348637015791
-0.002821215540867391,0.01260538593762783,0.0938107869142352
0.01925254813137029,0.01801729013492772,0.1197014129565449
0.02505526897568167,0.008376963350785275,0.09460522864387508
0.007692307692307674,-0.0090133590857879,0.09360568383658976
0.011401853826593394,-0.009956640436807523,0.08082047685834501
-0.0005718487051710905,-0.018453145057766344,0.06023052257561316
-0.004148702513625682,-0.01290114497661663,0.05945478147987888
-0.0006466736722981028,0.005121951219512158,0.06900129701686113
-0.013730158730158763,0.001692729324520343,0.053850067842605105
-0.008387251377905561,0.004206439087526258,0.042142377434519776
0.004791294461588463,0.013100794235650607,0.035397489539748986
0.006244931062449279,0.01530278232405884,0.03391666666666661
0.0223148602256007,0.025920761217291418,0.04233686140511708
0.03389968959320366,0.03398415162159952,0.05395953035223574
0.02353797621936432,0.029366306027820706,0.05344655344655346
0.02398004345377005,0.02861530999919171,0.04158140296308421
0.034799420009666564,0.019523809523809586,0.03789286579946685
0.04776529540127683,0.03554597012540929,0.04422070076520322
0.05456597082292263,0.06253045314276436,0.052953484629003685
0.04253617973934591,0.05750202757502019,0.0469728601252608
0.011298095915303839,0.04626450874611735,0.0269576379974326
0.008534850640113785,0.04247671949027939,0.02902757619738759
0.006994106090373174,0.0364798188142036,0.04178861788617875
-0.004670714619336824,0.028888710066790082,0.030630340157988045
0.0016198704103672322,0.0459964556146286,0.05039637599093989
-0.01222867624579635,0.04453244968883864,0.05821665438467218
-0.02178081141191801,0.028048682195534812,0.04378068739770863
-0.00390625,0.01942911969297199,0.04585349848248711
-0.019902836545995974,-0.011772141897764044,0.021811943468670873
-0.04143905103792718,-0.029318792476687276,-0.0008134710811031361
-0.04192085093070545,-0.03732809430255403,-0.009780939293508963
-0.04844050827878315,-0.03814416939125024,-0.019365079365079346
-0.052460538532962044,-0.05538414069731559,-0.02180685358255455
-0.04327714621716971,-0.06733414857841641,-0.009014130258242646
-0.006431372549019554,-0.028453102231766086,0.02741281427412822
0.008714422769427594,-0.014296874999999987,0.03130619584763772
0.038020027680534085,-0.0009402914903620478,0.041496487502042136
0.02775510204081637,-0.01748088028718574,0.01836123918142854
0.034800906442214286,0.0,0.028888710066790082
0.05634492895639409,-0.0037735849056602286,0.042049299178347134
0.05629763172990252,-0.002630764469204607,0.041784530833266
-0.010893590148405507,-0.01764014112112897,0.00991375836221491
0.030752159784417924,0.02000000000000009,0.039817702086831525
0.03513725490196071,0.05516469459545884,0.042743146085170235
0.05337569499602858,0.07970365545876419,0.048048048048048034
0.04802127326763648,0.09387755102040816,0.05304518664047151
0.029916512059369016,0.07826157332470045,0.037132181223727086
0.036927851047323434,0.09145843540748003,0.031008947855600207
0.06719872306464486,0.0957961157092518,0.02201161724243347
0.02529796232218371,0.05257341332491314,0.022624434389140406
0.019472647370813924,0.06641832448284068,0.05117187500000009
0.023525863369024312,0.06462745098039223,0.06362639084782953
0.010970149253731335,0.07601270849880852,0.05720305915405036
0.027321173909780193,0.07046769904583142,0.07046769904583142
0.019003441568157954,0.052875695732838394,0.04890257989988444
0.03282979359856428,0.07145073700543063,0.06863200247601364
0.028573571321433944,0.09457302474062258,0.075264602116817
0.019918246005202363,0.05520953479430971,0.076313725490196
0.01119787829674364,0.04000606152447342,0.09737767828589697
0.020816416918874977,0.04275373246870749,0.12586501668973374
0.004237597720464558,0.025746268656716333,0.12204081632653052
0.012114537444933963,0.03467687457779783,0.11565231466494004
0.006226920570559591,0.039727667215322476,0.13481953290870494
0.00029165147648554165,0.025949745737361644,0.1242317462918954
0.01049333236172847,0.03997300134993238,0.09464793179665283
0.026373306134343615,0.04704570791527301,0.11658872949195524
0.025092197555860864,0.04434949167526139,0.11184313725490189
0.04081484176064033,0.05602716468590834,0.13629864972200156
0.04417845484221983,0.05165485497187107,0.12576255279211637
0.019428653666258823,0.040161527165932444,0.0951607915893628
0.018295794154092798,0.011512562450220656,0.08378588052754059
0.0007211365111417232,0.011811884797666821,0.10750199521149252
-0.03300681431005115,-0.007287036362311448,0.047520184544405826
-0.035976297968397256,-0.004371266210112155,0.035459918169419666
-0.034041660841604954,-0.0007231180851832694,0.04199969838636701
-0.0348061692371821,0.010767551837031781,0.036791044776119455
-0.016658431566315985,0.010591222343126644,0.045635367409742646
-0.016034359341445818,-0.01086565445779658,0.02843034565314987
-0.00569287309937321,0.005758437203877776,0.03185761292252461
0.020553475739558184,0.0025960914401097113,0.042672866356682146
0.024806088101858737,-0.005891538898353096,0.04087699739873653
0.019248860264852716,-0.006419300225733611,0.03764549874760561
0.03454977326711281,0.004683349643506134,0.060972909131172884
0.026415906970066808,-0.006599972210643245,0.044713962153868664
0.04910519423832387,0.01792898990612,0.05881057268722482
0.051311784316567716,0.03836793128131721,0.0503222069364998
0.0511400417176148,0.05310946169921435,0.0655486693401384
0.06276329882184928,0.09256404609850998,0.08460249216643602
0.051686190983315596,0.08393092345968095,0.07919277283986599
0.022611841647533572,0.06360807583761482,0.06283896160242966
0.03965312259598564,0.0700352695602101,0.08155692979265194
0.012897857291449866,0.04852487258631822,0.059630032644178446
0.013787398317937405,0.0698384984722828,0.05821400302223504
0.0009579854933626303,0.060153645455863256,0.06625847364968294
-0.0015452835259338199,0.06890599151262326,0.07168096920747116
0.002497805981232732,0.06033559443056043,0.05408858603066443
0.011906381820655872,0.05594604188853387,0.049167607223476295
0.005314139647517773,0.039796841299659075,0.04466657346567864
0.0332032587115766,0.05545842366599047,0.04849242740030561
0.029647762817897355,0.049996532834061296,0.06882191007270418
0.04935739677331145,0.05818282090169583,0.09878310665712249
0.03283762869255094,0.05029423840153294,0.10607480002882466
0.03582491582491578,0.03345874764848152,0.12911987080672396
0.036105694883345696,0.04030243704853844,0.1276159812673789
0.04817664770826375,0.06579126411756712,0.1335841956726247
-0.002849191624701686,0.012309969056908466,0.083207370618297
-0.024171179500726437,0.011569795303621537,0.06065609073289777
-0.042214983713354984,-0.00027199782401735376,0.06954750472864835
-0.03394357938627929,0.013672409078479627,0.07464849978257727
-0.042062150565596146,-0.00847856806406042,0.059843199309501494
-0.035301752109020104,0.0010774410774410544,0.061478043555872795
-0.03664219597829562,0.014657432932158992,0.07142350017749381
-0.01827363944448136,-0.011441953830712477,0.02789953384818771
0.002842447211694748,-0.018155314073681292,0.036296244492621844
0.02292205142157513,-0.0068022718267071805,0.042854171000623935
0.023334232533045642,-0.011465798045602547,0.04604991038191098
0.05279945707499153,0.010684735161899708,0.061516354180922474
0.035786358132651644,0.0010401768300610883,0.03453372749260942
0.04406599960241207,0.022452952628163582,0.0636602983865524
0.07567348043860822,0.014490903287583668,0.08123554225064633
0.07841814009987855,0.06186457571931691,0.07493609578904893
0.0831172285391316,0.10239577693557117,0.11515027041829255
0.07222881244233544,0.10665215616922852,0.10635114919080638
0.048475472184619416,0.09691124898840035,0.11190866830735578
0.06682686063125094,0.11482863929419761,0.10537648879617788
0.04296775831429303,0.1054083142741828,0.10659932659932668
0.0454316637301787,0.10092107878868194,0.11705775566462716
0.02384230287859826,0.10741843779612836,0.09474740715958532
-0.012646571305789023,0.08536914563368879,0.06566392790882604
-0.007744314689612729,0.0734756300285924,0.06617355699379217
-0.0021518598217030085,0.06959272439699488,0.057328990228013105
-0.004383027941803122,0.05427705795139571,0.06554172910287316
0.007971764133146557,0.07572412001558643,0.07684306332076449
0.004092933670398501,0.058771261741558715,0.08254380272550292
0.019742069555650568,0.049836395670777855,0.06504947334822851
0.035689858857178264,0.042365456821026166,0.1068509535517309
0.025024777006937515,0.015900300816501955,0.11992420140768814
0.009242144177449167,0.006760909649662095,0.11413413141069242
0.0018954448180984547,0.007439286812173427,0.10507148637712445
-0.016964501328181444,-0.008766055883606244,0.10505598914149995
-0.026375734324421567,-0.011622953812450708,0.09256020449347499
-0.016602733157516245,-0.012459371614301152,0.08720429395003643
-0.015549018430689822,0.0022614754599350655,0.10992283741708393
-0.027677060671984437,0.0004352421811850598,0.08584154406802537
-0.023626373626373653,-0.009353320118929576,0.06343506882106537
-0.0394238984498963,-0.03019100431300065,0.037300645841571084
-0.02849597739974215,-0.032772852338734414,0.01972539160703927
-0.011390222878955759,-0.030608548659743984,0.042797765943629065
-0.02700067044554158,-0.043040402829397,0.0132013201320131
-0.031101353823636997,-0.047710381203548355,-0.000251698968034181
-0.0022374145431946157,-0.03620099657801526,0.004630788485606887
0.020696554742699946,-0.013536379018612404,0.002148689299527428
0.040088945362134705,-0.0005494505494505703,0.006207744314689732
0.04115304380807883,0.005126327352617936,0.012603750384260577
0.019804446658778146,0.005650064484431539,-0.0031655201801912107
-0.00018792282635913754,-0.01730082502154891,-0.028722692143856865
-0.007175226586102633,-0.038581093435728554,-0.05055976886962789
-0.0242307213155599,-0.04470057324063901,-0.042540187030132674
-0.02701543739279586,-0.012865133623368509,-0.012435490891002921
-0.050577240241891155,-0.028137310073157003,-0.03722745292368676
-0.06605950212507587,-0.022744599745870474,-0.05224892174984607
-0.04842748091603057,-0.014981983690498796,-0.047263833690003164
-0.013908902950943092,-0.019804446658778146,-0.049806809949287614
0.010777228350450035,-0.0012528188423953186,-0.04423929984414336
0.02298116820938394,0.008622860020141015,-0.039498921122033105
0.01674746584398411,0.005917528341846375,-0.03049768865942237
0.008106543138390213,-0.04012496937025246,-0.05311820159535891
0.05304901833311661,-0.010567466862134372,-0.011111111111111242
0.03080477474008479,-0.024772313296903367,-0.019772976931526968
0.023508482114492774,-0.016244274809160283,-0.010685991524903328
0.012104867034621217,0.0110268780151619,-0.006464721093461292
0.010858034321372912,0.02694307087612527,-0.012677515694520535
0.016409684810204824,0.047813597191190424,0.0009757287474081998
0.03931329376475842,0.025310079959705228,0.01211932877563697
0.01185331522410184,0.05449398443029015,0.024823360220096284
0.028016436309301455,0.073462488623066,0.04904701397712832
0.014898503941895869,0.0492234629700938,0.03350401416018719
0.017537336555741363,0.04326831437829597,0.02260696269539762
0.014815729366010106,0.031046161565479107,0.029754447506890505
0.006336054587547341,0.030764430577223133,0.03965256797583089
0.02499232422474666,0.033624373026193435,0.03974087454839913
0.022818791946308606,0.0698832088837832,0.026954177897573983
0.0008478682170541809,0.020249413507840482,0.00946796163948435
0.00030582910269730837,0.018179554227368867,-0.007043108682452924
-0.012789281364189978,0.0062697870755477735,-0.01007633587786263
-0.012713668714641859,0.005763153002416848,0.01685358060271911
-0.02790894781450547,-0.008765973208222828,0.017940915430455076
-0.0301341960220465,-0.013707810405751189,0.03345036706032544
-0.03471725125268429,-0.006324838808719688,0.0188251589750046
-0.01585380612368392,-0.007687614399023913,0.046387441291899756
-0.003607680078268335,-0.013141957364341181,0.05935509036536209
0.0,-0.008502049054988163,0.04030291361827751
0.0052372150338878265,-0.006394640682094902,0.03659698837283194
0.01918166531730717,-0.004501490358294183,0.026404917210235877
0.013713015010192276,-0.0064777818137788665,0.024087363494539868
0.01279199110122354,-0.018152408339324234,0.01486160133754398
0.011559272011805361,-0.018611309949892487,0.04997128087306154
0.020742559067198674,0.006474646012344316,0.02685516730460565
0.03127698951264647,0.0221964045493457,0.04077947951687201
0.030217591173766514,0.036890808143121644,0.043391892730771674
0.022548120989917493,0.031053604436229156,0.03699572411228852
0.002559259033574965,0.024662141122252026,0.015679980245694128
-0.007627066935139423,0.0046327753412811175,-0.009138540270500792
-0.002917578409919877,0.013718946978123835,0.007307338041142142
-0.007154451993026069,0.015371372356123956,0.007565588773642347
-0.017527068253873176,0.00791653881558773,-0.0053294573643410574
-0.025523560209424204,0.010425663170882157,0.0018349746161843716
-0.018764192661647035,0.006435795280416689,0.0
0.005287789460888619,0.010693553315001528,0.00614392602956396
0.008054599114608967,-0.0009749558223144537,-0.007446422084998293
-0.00932699341623995,-0.008420281896393897,-0.02641984184040257
-0.016289209155867738,-0.012582056892779124,-0.030959198282032918
-0.013334145153433985,-0.02573197859676547,-0.01942393803703243
-0.006654862934245091,-0.026739247472632646,-0.00513635807753457
-0.021132764920828252,-0.043729176582579854,-0.008451573103022855
-0.028778718258766742,-0.04003824548822766,-0.010227972889710566
-0.03031412015858493,-0.03373245000911695,-0.009902223329389073
-0.016060550119992526,-0.016847024102311738,-0.012292297238865778
-0.025546321945213772,-0.03499146549622032,-0.02175256457792598
-0.02986732489972233,-0.04801986193532747,-0.0333866207575011
-0.029317762753534003,-0.03841938626400391,-0.030806996011046223
-0.01586511541093749,-0.03425117528542637,-0.024182603331276913
-0.0020542828685257974,-0.02369062119366618,-0.017407293901317827
0.017800981255503917,-0.02170495767835552,-0.011243507485487341
0.01701063164477798,-0.008112229338212774,-0.009079276095301986
0.02053063802905875,-0.005907328779767273,-0.014277869302580848
0.026206984288531292,-0.006894429055093729,-0.019389739849258434
0.028873551573481936,0.0027152113545201957,-0.023086635002705483
0.03034517638133761,0.001720958819913959,-0.025064305796494574
0.04715863015407649,0.044422323150625366,-0.0012494050452166107
0.03887275199307825,0.0464392430278885,0.004541651727022773
0.04519739269462547,0.06912819222543723,0.03306387892785509
0.05255338904363962,0.06341463414634138,0.04549926217412695
0.05374077976817695,0.07391029690461141,0.036332601804437994
0.04209489814757833,0.0770943324216017,0.025372411287392677
0.044177199656399664,0.07756601025770911,0.03616658548465659
-0.005361291475546588,0.05556960424832464,0.019415104707247128
-0.0058298631766804864,0.04248019462291811,0.017783191230207163
-0.009884097193622444,0.04004696866695501,0.017472793228536797
-0.018289814161373708,0.02650350510392327,0.01817627325404098
-0.040882352941176404,0.009285051067780872,0.003322872438619288
-0.03767790704541442,0.010041529783673068,0.0030778701138811943
-0.02573745445998352,0.020370484337497705,0.02314100586238815
-0.004911061867401288,0.019450239293164903,0.021204671173939874
-0.008018190521780776,-0.012450110204324795,0.031419150127543156
0.0047536989720126654,0.005889351576442648,0.05260209163346625
0.015395674833762614,-0.0027651938577395946,0.06617184551515921
0.03747316773995697,-0.005175252881674874,0.05791119449656029
0.05259281988339995,0.008941176470588296,0.08351231838281742
0.03817852834740641,0.01653575857792466,0.09490490426817624
0.055130905808004796,0.030144552826419056,0.11004875577787625
0.056219085535046405,0.048691381685332664,0.10696674674421537
0.03583890235969012,0.048049305887984686,0.09257064437652052
0.04147492625368732,0.048963099411729806,0.09097089178666336
0.04404114447860024,0.05798837836218778,0.08602877874800154
0.029151119402985072,0.0826126954921803,0.0926648096564531
0.011444838203683257,0.06842589751457506,0.0791545279861153
-0.007472477325879883,0.04945717732207472,0.0708351283155886
-0.007424328954882827,0.04604273247065908,0.06638851392808948
-0.009420496717099661,0.04656774037881529,0.03353785667480786
-0.01977001076304316,0.023360340646992658,0.02938726948245091
-0.011494252873563223,0.029970501474926328,0.027122433370594893
-0.009913890777249036,0.03316386852683858,0.027816984239002696
0.004824813325674919,0.01993936567164172,0.02905882352941175
0.0033908045977011692,0.014291523848254273,0.031063603614244317
0.0023014959723819174,-0.006331641092921189,0.02362204724409438
0.005360230547550472,-0.003826384922901128,0.04467868479367556
0.0147942672214517,0.0025692263773907428,0.05074198180947816
0.014950166112956725,0.003738741290432202,0.05288490106364018
0.02305887738170167,0.012400203838967202,0.07110764991313727
0.026466216988681807,0.017278495354633938,0.10131861392210967
0.035225385188155135,0.038139000574382624,0.10917459343356871
0.027497129735935825,0.028678160919540282,0.0795536791314837
0.01094995126985035,0.01461449942462596,0.06133012338248569
0.015888382687927062,0.028184438040345743,0.07606466401254666
0.0014109148371804277,0.025427646786870123,0.049381985924655473
0.01554809843400448,0.040096230954290296,0.07126843657817117
0.009968257504037537,0.037706700234594055,0.07212106881059362
0.011286931503817594,0.04481536526809194,0.06564832089552233
-0.006145594725962471,0.018901426198522153,0.033463080230058624
5.670863105359479e-05,0.012342135476463869,0.0059323484113855
-0.00028028476932553926,0.022415868829903093,0.018503712164477493
-0.0029305680793508242,0.007517084282460098,0.010105623751070407
-0.04714175569996697,-0.023534059484169464,-0.019883305953662216
-0.027624614027349025,-0.013702460850111951,-0.0014721703187816054
-0.045026808184702866,-0.027955671882831108,-0.011160208474960338
-0.019225363988981885,-0.034690715945557206,0.0021252153934520654
-0.01967677913240714,-0.03413598525057273,-0.006436781609195428
-0.012504205450263484,-0.0013042985142338083,0.013291139240506341
-0.009778430929233495,-0.017938225236840567,0.009740634005763676
0.009825453704773949,-0.015329125338142464,0.009708737864077709
-0.0006237595690387595,-0.029408525167970056,0.00950853476916025
0.005614437124033169,-0.03214600794000889,0.004348572409452371
-0.01066085860033235,-0.05564066090381873,-0.013318852177889471
0.01810504396112908,-0.010568328742481283,0.008133340970273139
0.025892907841689704,0.02449673943861635,0.03714121699196326
0.03504766253781617,0.016765728383985695,0.039557415582181996
0.047390109890109895,0.03436581505765325,0.042141230068337164
0.05282569223785748,0.07241937348283435,0.04718099215531358
0.08089785221899384,0.07587184576127018,0.06112975391498869
0.0826139852847459,0.07058149527356054,0.04065267026786218
0.08272257258110337,0.09227947498137212,0.05438751798163098
0.055792328554823786,0.1033664969921333,0.06570199452483373
0.05217007665582076,0.0833569927885979,0.08194397187251894
0.03677595628415295,0.08299560477196183,0.06356858568305401
0.023336028024791074,0.08676739926739925,0.07010820559062217
-0.018868918990143806,0.05623014071720379,0.025167970040753346
0.0006421576497030264,0.06528798495983597,0.031043228936921012
-0.018103583984887383,0.08406233706042518,0.023744392165444817
-0.020340760157273895,0.06170103971365271,0.050480634099724656
-0.01478064888096857,0.0404051585764101,0.06589169265664874
-0.016497127496969355,0.029063034246952966,0.04631602556913755
-0.023014535496102825,0.01371584699453547,0.04855301831336199
0.002202524845554642,0.005443276744812669,0.07825684891920004
-0.005294400770094706,-0.01965951615453534,0.05472072582931673
-0.008336896109448494,-0.007010221009257785,0.06307648238327121
0.005672392572376531,-0.013853177310174668,0.07714793374219069
0.0045219981912006935,-0.010117955439056392,0.09220268394261914
0.011093247588424402,-0.011111693484983514,0.07131906194991751
0.019621583742116408,-0.0030569757023137306,0.07968491352246138
0.026801029159519724,0.00884769327996633,0.0963827838827839
0.027419354838709647,0.026591458501208642,0.08431684067181108
0.024520370769562466,0.016685384245146824,0.08306272432062903
0.009311977864098334,0.01368106028217188,0.09889345924338099
0.004819404724075821,0.01530475731792147,0.07795011647065507
0.006360311655271199,0.010107995956801648,0.05092156971273602
0.003700766587364465,0.01741693461950697,0.046986157833783605
-0.004907078722071401,0.027545684868740306,0.041639344262295104
-0.016692830978545254,0.007236277873070295,0.01271894368094845
-0.0045236968071117436,0.01747311827956989,-0.002529910926052758
-0.023724167018135806,-0.002047855141194198,-0.009043720233317266
-0.029093975649607244,-0.019794604373969023,-0.03337356351996634
-0.02359509137831157,-0.018165448575362817,-0.028099606815203217
-0.02475638662101653,-0.018656914188795157,-0.02956129776193714
0.005350960025180893,0.013164155432196567,0.01006693722658513
0.02628918099089989,0.006734182501566047,0.015641457762797552
0.03804491413474234,0.027995813710099394,0.05533172172978771
0.0571876012528351,0.029772237125874474,0.04695438258730414
0.06633733239237825,0.03558625052720371,0.049754168448054734
0.061761691569124644,0.03747430559215735,0.05335259806282441
0.0566567647853091,0.030389213672512676,0.040804383678246466
0.019776664579419855,0.02939162496707934,0.047320471596998995
-0.0014519056261343072,0.0102297765187283,0.03805724758773114
-0.01598371086790525,0.0287371614070566,0.03618138936535163
-0.0331000664044543,0.0002113606340818602,0.01768817204301071
-0.040879702693071326,0.017388486877632565,0.01530502263418842
-0.030532412111359434,0.03593724553498727,0.015431277603362985
-0.0026068288693518243,0.052537893090242246,0.033418070119690724
-0.002097937880571031,0.05330812854442346,0.03365664917580974
0.009866542036662023,0.014767271968273913,0.028125826063970356
0.005379959650302582,0.0077780658542909,0.014564627270828941
0.020814623065138135,-0.016390939170272328,0.011145996860282552
0.02107218683651804,-0.01736731879246057,0.011887854400084113
0.020332232877430148,-0.008756299954182145,0.026518346689160695
0.0031773689335315154,-0.00553749237959766,0.03172929953091241
0.0024612860219464143,-0.0007156000817827968,0.029651867066940514
0.018614696354193473,0.01361101161541215,0.04340268633131424
0.01589915101620789,0.025289505115023134,0.035777987619347355
0.012679190601873504,0.012260100356939654,0.041349582246820345
-0.00946093465717104,0.006656453061440221,0.006869220607661883
-0.028041703045554967,0.004511677282377889,0.021978615401231198
-0.016602809706257982,0.008751244563223745,0.04500298572281631
-0.036470588235294095,-0.034643570952698155,0.016074221910567014
-0.044222323186430365,-0.029176494718490396,0.022576289495004086
-0.027552674230145856,-0.01270118784388337,0.0018785222291797833
-0.01737530662305808,-0.010650887573964462,-0.0029556650246305065
0.01842036210968245,0.004295399265124528,-0.012165945533214489
0.03165125495376491,0.014919166190154414,-0.0027072585176482664
0.0027012987012987543,-0.008679574752195562,-0.017359873746372736
0.038753517014386486,-0.000408684546615645,-0.005943913838650761
0.03686684624729303,0.004143222506393873,0.003424657534246657
0.028541666666666615,-0.003079408349740086,0.010489689402855155
0.02428749739962548,-0.002481766612641861,0.022744975852936573
0.0180871895290116,0.009658626328699849,0.022037142413739542
0.017055931161647123,0.042088690632379855,0.04902530508743199
0.04502124132214277,0.0658388375165126,0.0706475583864119
0.04252057034803507,0.059688311688311735,0.06896190326468582
0.04727217156538129,0.09141583054626531,0.05360528878183779
0.04628316791573838,0.09132203031743512,0.05948107886370625
0.04016247778624029,0.06697916666666674,0.053427263845323265
0.01903122943766776,0.04706677761597676,0.03591458708515574
0.007453291030870818,0.030866742244666644,0.035294726491745705
0.0064944722621585555,0.03984839172300758,0.05536206269168792
-0.019902936418451894,0.03579939902600765,0.026809100713882178
-0.03220000972809964,0.016865130065927384,0.016449553001277133
-0.03639531507114514,0.014212215373643686,0.018414322250639357
-0.035145953333984264,0.0009114847073121674,-0.002170730476046276
-0.007897481746386546,0.01416603198781427,0.011649108589951435
-0.012346913271682074,5.0614971908788415e-05,0.009709730171708942
-0.028617870160575324,-0.006848970136475728,0.03495145631067959
-0.005752013204621645,-0.014525804372614182,0.050356671070013216
-0.009348142936120948,-0.03372714348742583,0.02394805194805202
0.015118031140130685,-0.016926893331387662,0.07294155120242081
0.015228169584134326,-0.02879682508953643,0.05989542069402617
0.01431861419845792,-0.011031924240945129,0.055208333333333304
0.023332321085129996,0.004271593900561194,0.05153942167672143
0.03326403326403327,0.01859535116220944,0.050036071318149064
0.02082704497434343,-0.0004925623091322172,0.039336201598033076
0.03140378468875246,0.016855899564847718,0.05325872966531966
-0.015288704170996007,0.000251294164949547,0.017120662339653616
-0.0005481636517665083,0.007332998493219528,0.021649432020783455
-0.0018262586377097954,0.023120509966609294,0.024053068665181285
0.013353776151144907,0.025783518574146274,0.04031480071084031
-0.003975069931785848,0.02722947666767889,0.027281469858784303
-0.020500689927064837,0.007859642005983382,0.0009568414161252845
-0.022528283325135328,-0.000301841231512236,-0.014823261117445882
0.00758717716812376,0.017350717873268667,-0.01696161576547874
-0.0020442760271240355,-0.00969768937707193,-0.026460430954812965
-0.007021707956287334,0.000697662829521178,-0.028119252734488443
-0.016838303479915998,-0.00572556762092792,-0.016694327833642563
-0.012613322822230991,-0.008853059003907177,-0.004619281776188381
-0.008603340712416883,-0.0329783579525936,-0.014996250937265683
-0.0069444444444444215,-0.027498521584860953,-0.02797753915870361
-0.016556126265396664,-0.02995573044761438,-0.013604761666583297
-0.015138646015488389,-0.009546779218169056,-0.009297884103131097
-0.029829191773318105,-0.028619864379736782,-0.02149673530889001
-0.023034154090547987,-0.02685061563566226,-0.004350905595466889
-0.02050898203592821,-0.041973742007906656,-0.017272454190447668
0.002943415376807836,-0.02626133228222316,0.0002530620508147735
-0.0007094354920442626,-0.007848661702555859,-5.070736778063651e-05
-0.009330155671619104,-0.016857890499194818,-0.01715464332427808
-0.016639610389610395,-0.03336159178177828,-0.0165897214753184
-0.0041063545837182166,-0.0306270297277042,-0.0400277076839345
-0.027997967479674892,-0.04740799760968084,-0.046743409577913966
-0.04936573437261194,-0.07366957903097698,-0.07897334649555775
-0.04366745939381671,-0.056886227544910205,-0.06523566941985261
-0.038083164300202796,-0.03735092616087294,-0.06909751190067238
-0.04105031478732666,-0.050623289753724585,-0.07672974571259607
-0.0361638464713165,-0.05263424775619895,-0.08101328086571569
-0.029945366457066292,-0.045200892857142835,-0.054316149130740635
-0.004234408489727651,-0.022276973616671816,-0.05025927403270848
0.020739549839228322,-0.03216463414634153,-0.05815160955347867
0.00851851851851859,-0.028936777217382335,-0.06969593440382632
0.006906004533712912,-0.03354753832920101,-0.058927867560110404
0.030424339471577355,-0.02104462474645019,-0.028728114308713925
0.029599100786811543,-0.015406664278036499,-0.03200483091787432
0.02587535200042508,-0.003920759389186911,-0.03715154839674856
0.01522469550608991,-0.003298629007318909,-0.03382463152635529
0.014595474352916476,0.010246223012180502,-0.037647527513570055
0.013115786160222442,0.03488745980707406,-0.0413522637013502
0.009738219895288029,0.020423280423280496,-0.037624750499001956
-0.013157213157213262,0.004322842532553077,-0.033189545800558336
-0.005250571844458408,0.021350413664264746,-0.03035370426674779
-0.015330432981147751,0.01760959160734353,-0.03595152375640182
-0.026786637708139452,-5.313213963136564e-05,-0.04525162337662346
-0.011280724450194084,0.003097438051238993,-0.01924853711117955
-0.012117446015224501,0.0015750511891637075,-0.030640243902439027
-0.005029555117702101,0.006715282514033747,-0.022415813337408965
-0.0017846832187286936,-0.004345549738219961,-0.03774730557101659
-0.01055657172720137,-0.019269619269619263,-0.03990872210953335
-0.003944876919840101,-0.015543772093990481,-0.030710958693760556
0.006110520722635525,-0.019318417236378796,-0.023163433759801944
-0.009368294342387565,-0.02120177888095974,-0.024430471085455152
0.003721759186454786,-0.009159120310478707,0.0009932563124052367
-0.004742300276199889,-0.011029982911294204,0.023472668810289365
-0.0013146132407845612,-0.015244218604168962,0.004867724867724801
0.007869856863677074,0.001627211170017334,0.0059570878802256075
0.008713101336008902,-0.0017245884504833242,0.019589004536962988
0.0179561658304727,0.01383336839890593,0.03168655997430812
0.009826711749788594,0.015621679064824643,0.01556771691195993
0.003133486526008057,0.005286020830062382,0.008399832003360053
0.0034558592522777078,0.0045604654819938984,0.006142699637738161
0.0013163437236731255,-0.008963468653916302,-0.0023083783641992873
-0.004349648883764721,-0.0009465215333647705,-0.005287958115183199
-0.012459428332111945,-0.003644430359689569,-0.022843822843822973
-0.03750972762645909,-0.02033056978402067,-0.035558328134747366
-0.0274144606047922,-0.018220227092685445,-0.03718665837994617
-0.020356101624323327,-0.005864327979712667,-0.026941772675561113
-0.022646629096221955,-0.021829956131188523,-0.030789133247089203
-0.01146342745964126,-0.015656089642894444,-0.02651338615296983
0.0008947839359965655,0.0012636899747262484,-0.013999792595665337
0.007474554707379268,-0.004035216434335929,-0.002414571413573983
0.03562958171625692,0.005810909852371402,0.004076299973869878
0.0445938676707907,0.0074708171206225565,0.02140753208499891
0.05160227453898075,0.035262111541278694,0.05143464399574924
0.06273358248798719,0.036286963765097865,0.04176479824148228
0.06074791212298519,0.04054477144646217,0.045290139959113
0.06026503996634417,0.060209286427932995,0.05070613372244525
0.05856353591160218,0.05889783672824884,0.05789556712415218
0.06766252016863582,0.0874151823579305,0.0834521734537579
0.046140377980328585,0.09503018542475201,0.07276759782436501
0.02481301799070142,0.09085529854760617,0.0709796672828096
0.018990203466465717,0.07790827443269398,0.07158706677937453
0.008174113635223888,0.07335824879871852,0.04992688531439316
-0.0022319214363655244,0.07011011224001265,0.05335637239501517
0.012178148921363896,0.07083508624316365,0.07218828980623425
0.014722371179252233,0.0952380952380952,0.09081857247667967
0.01634260398720154,0.07463696455524907,0.08088158308030566
0.02125351348685834,0.06648128121942426,0.07444876783398181
0.02445397623625686,0.050080857085102064,0.08710892539499847
0.042230401910067696,0.052650087917608585,0.09084756351520193
0.04105980016901138,0.050248232285241515,0.09283030682529754
0.02764818543436623,0.037893066164070954,0.10038386706630911
0.004515974057170299,0.0393180236604036,0.10053160692668031
0.020874703346733192,0.027543508994296327,0.11736641221374054
0.008498309995171508,0.028107309869554554,0.1258085381630013
0.0047644256220222775,0.02953794565806997,0.12307692307692304
0.0012408724287691067,0.03431445052507015,0.1148961045862784
0.012080408728453427,0.05431754874651819,0.13166043780032033
0.017968077989104558,0.058905403390167636,0.13314538007340815
0.017121813573102416,0.04439424446299657,0.11837400084139667
0.0023721415694088624,0.015037232764833031,0.11170744540910281
0.0012927319735707259,0.012883227587542968,0.0884817571436007
-0.01963789635022509,-0.011685176243360636,0.05401925948813023
-0.058773058773058696,-0.04971365320756525,-0.0021224984839295913
-0.06123796942819408,-0.05035078509044057,-0.00035167043456428836
-0.051168904328232116,-0.034904263954543296,0.013590090767764946
-0.03404335355245207,-0.018302590079327077,0.01889693482789407
-0.03492995077622111,-0.02482184705150891,0.013520230639228546
-0.03801463204705202,-0.04554511813265013,-0.01925608150928674
-0.034492866914207554,-0.053815953270133145,-0.02722126507506769
0.03332320469968593,-0.02270332407318713,0.006164012032151487
0.03125942305759372,-0.021879021879021895,0.011684662032243633
0.0024737779536908766,-0.04406491790903946,0.007859132510943159
0.007691184345032294,-0.028213313303915216,0.029030173485112113
0.0037273173124079983,-0.03766398645789247,0.005058193782841434
0.02470424495476687,-0.024280575539568323,-0.009608455440787892
0.04650339034510676,-0.011093578157127113,0.0016467283382573905
0.009605959615761654,0.006449091264412708,-0.005311443746982107
0.012865497076023465,0.05256760862959584,0.00024062755666784432
0.024380613957161176,0.04311991154889945,-0.009401994941058554
0.0028501038597169384,0.02711260637245196,-0.008738003151411032
-0.0065963060686015556,-0.010319816969283963,-0.02843352766892855
-0.008731506184816936,0.0022069641981362857,-0.022669663781146918
-0.0152313717905324,0.012327269112237745,-0.03377929594838222
-0.015679611650485387,0.02606011537293799,-0.02915828784831946
-0.014819091608930007,0.0035287198588512003,-0.01925471788485492
-0.017681634226247907,-0.006384015594541922,-0.028123361456694817
-0.03554913294797686,-0.011844832691738257,-0.05538780902056996
-0.004131621661502156,-0.021931307666296276,-0.049525866115857714
0.01448495228774166,0.012948304505032765,-0.025203366718389925
0.005352057350486121,-0.006791171477079824,-0.030906853464596748
0.01893771267939046,-0.0009670712247956512,-0.012049921101706985
0.034039851533502634,0.027815533980582476,0.03444401016220433
0.03192898131345343,0.012317167051578148,0.0655322596981667
0.06358006193187489,0.025968394681056012,0.07020806111166951
0.058774139378673415,0.032610789980732226,0.06060755986542648
0.02870097920987887,0.048940042299936,0.03811517305164768
0.04678876678876685,0.048837778321507305,0.05115252574791568
0.02599099753158112,0.04085240106059115,0.05368326871458387
-0.016908326642421877,0.02653252453518763,0.05328408055864792
-0.005798479087452466,0.02158624731392858,0.025191138992354513
-0.0148861235031697,0.028888125950267376,0.022319688109161854
-0.017399822736390437,0.052042752971731034,0.039581482578225156
-0.021241676826409085,0.030918160715167634,0.008308777353751021
-0.01292399570755382,0.020500699435627802,0.03371445323951923
0.021369940560430234,0.057435897435897394,0.05025466893039042
0.053663223636800324,0.06151686752819311,0.06049030511097138
0.05621952385505302,0.043498795635951486,0.07252427184466018
0.06320907617504047,0.06007604562737636,0.07313317936874514
0.04937333839726551,0.03799013853017142,0.06494507612256692
0.04560916015905721,0.018099547511312195,0.05130057803468211
0.03909056532425794,0.03080746506611658,0.08125522600954213
0.018844395178051882,0.02920729715858718,0.07947149498409596
-0.0019150100310048673,0.03264458911218047,0.07483060001964062
-0.009550104100660746,0.05130915205380738,0.07920303792474233
-0.0199067431850789,0.045032985945118974,0.06759132643094357
-0.019951140065146564,0.03265325579178184,0.062484673108048505
-0.016265750286368896,0.019274591720470958,0.07232044750774143
-0.026202065232224986,0.025583289416950143,0.05729243838593369
-0.024842467926923205,0.016780109661561786,0.03762481308185814
-0.024303334856098643,-0.013532862223453783,0.04312576312576319
-0.025910524151167645,-0.028086813788072207,0.031702240937031036
0.009469350411710856,-0.001222051235629629,0.04222358664336654
0.026589115081013668,-0.0029142754662841003,0.056986692015209034
0.03968327899394509,0.009862468331523737,0.04822728339985917
0.046386695940580217,0.026345933562428408,0.04492233054998365
0.05090418855469289,0.02834008097165987,0.06002063209228178
0.05829197490401717,0.02466113604424497,0.05458871833154476
0.062253706136235744,0.034399269072635914,0.06816680818945192
0.02324738297004588,0.03185120870081798,0.08479461926495319
0.015828049822384147,0.03344007319304667,0.07997896548427187
-0.01818833437863992,0.011678899506070263,0.04471350939079033
-0.016964285714285765,0.0256171401956218,0.04538549183440943
-0.031496062992126005,0.022749567898351027,0.048914866094955246
-0.04676370393310619,0.00162707452001299,0.018434486670448127
-0.03550766241222462,0.02252083528420252,0.008683201699690524
-0.02953941541186898,0.028007130793769933,-0.0008663140616450744
-0.031428444955955884,-0.008428875696741675,-0.009640626414411132
-0.0073918598284358665,-0.021808534556409888,-0.024659253945480634
-0.005994550408719316,-0.019442702266821984,-0.009771986970684024
-0.007947382844615004,-0.03035714285714291,-0.0048109965635739355
0.0051981806367771485,-0.04193576926479691,-0.01478415138971023
-0.016255323045926934,-0.04950670265009068,-0.026066458135001587
-0.007438506822434151,-0.039438236982732,-0.006395614435815467
-0.016406928385357174,-0.04685562444641281,-0.016496824018644673
-0.02463914682357261,-0.06077641538665836,-0.029368709972552552
-0.01557931286549706,-0.016837014053659418,-0.005354752342704134
0.0017495395948435722,-0.011898274296094353,0.013414066138798435
0.006233262535783517,-0.004613136019000598,0.018031485028261848
0.017315211320052128,0.014387821405365238,0.016038305982985397
0.004183908045976996,9.157928476583283e-05,0.022614477010956008
0.024393643713409536,0.0061150914981974325,0.03429348845937325
0.03591290413799606,0.004524473287326946,-0.003942538632346835
0.00779690908247091,-0.0017927737427598895,-0.023562210531048972
-0.020084566596194522,-0.025904605263157836,-0.04484365200250869
0.0015142476942136653,0.004880294659300195,-0.02562500000000004
-0.004255124450951715,0.004848093083387122,-0.03729098469432897
-0.023442150084703104,-0.007214671383355108,-0.056364199442551915
-0.03429037964348892,-0.021103448275862084,-0.059709402464337806
-0.020245677888990066,0.0006040330824272626,-0.046279893711248965
0.003730140455906066,0.027241021773965507,-0.03519100526758439
0.0055813517189625145,-0.004965888522764158,-0.02171929184157689
-0.008430312471364445,-0.00533137236878401,-0.017166212534059953
-0.007535725773101073,-0.008901940990226209,-0.013474011144605776
0.00937690468376389,-0.014961566617862418,-0.0007890095609394593
-0.011789018834249172,-0.03667414495673271,-0.03658592426393141
-0.021174831669375446,-0.04390620039007578,-0.03805959932460185
-0.02716094696274553,-0.035304822565969146,-0.030940085005255746
-0.015811567164179172,-0.02827538567810276,-0.030017468051852538
-0.029987986322890587,-0.015383893813610999,-0.04088998538011691
-0.037640631510718066,-0.04764959222945101,-0.043001841620626036
-0.04008546611547213,-0.05040665349446308,-0.04580293655923915
0.0028517110266159424,-0.010736555862909617,-0.017873766523924795
-0.004696617486597944,-0.014607110985862502,-0.03540229885057466
-0.007498585172608958,-0.022753656837706086,-0.022163367716754995
0.009051703710724595,-0.023123508900715822,0.0034876048637948
0.0013337779259753304,-0.019542910447761182,-0.024411751055831397
0.019628596170499297,-0.02070048978837441,-0.025921500137880388
0.03808187360882612,-0.006759572202416815,-0.015601339879777937
0.023601895734597107,0.0032049793302057587,-0.011804538799414406
0.019780743565300178,0.016872623574144405,-0.020420310425346862
-0.015538132573057648,-0.017126049622847313,-0.06028031024629198
-0.03212474168701848,-0.028107904169024617,-0.06242038216560509
-0.005756148613291508,-0.009525614899767741,-0.03753166014275849
0.0037746532037369602,0.013385414185680952,-0.002204399418413765
-0.0015382463991050785,0.030501298951217042,-0.018601667735728043
-0.010926937679414692,0.03367850575825031,-0.018425768506180173
0.00495442860481422,0.019004739336492847,0.00806413802803694
0.03846896418573221,0.02550047664442323,0.010520877366023244
0.05119371118012414,0.02936564504632933,0.00594381239842118
0.052775119617224885,0.03339282359571677,0.009497155441365356
0.02115258061483501,0.03344274772846202,0.013246268656716433
0.007422969187675086,0.018165518542983837,-0.002911006376490137
0.02111225540679707,0.016780869808418378,0.009907866104912202
0.010185572764057476,0.005648671173256778,0.008871754377815953
0.015663490587961907,0.021360130871699096,0.038593155893536145
0.009647786548492838,0.05570035717733368,0.037620380473457025
-0.019042857792119245,0.04736024844720492,0.017921146953405073
-0.00874608727674464,0.03033492822966509,0.020520354485569464
0.002873163723990938,0.017251104634765382,0.03086743200114319
-0.0071975427497363645,0.0110177404295052,0.04185509477532949
-0.0006906077348065252,0.0160565490122648,0.05027581534888229
-0.008786381109280688,0.007395004883493807,0.026540284360189546
-0.007635332845647346,0.008831048105972603,0.03455672068636797
0.01088769458858411,0.007201218667774557,0.036778332145402756
0.018157332590322265,-0.0035449711402990554,0.0297294758594778
0.02079386349983827,0.016893758055606643,0.05090147947290799
0.021702992242334636,0.025348718661661798,0.04397470982353493
0.01695461875143966,0.011919497547334132,0.028900386892276086
0.021514312096029532,0.01869244935543279,0.024446708028521166
0.004376871688550972,-0.0023796448837635465,0.018929656461790192
0.003987350474357232,0.0015544989027066725,0.05734144222415289
0.006887115165336332,0.02279466271312077,0.07123447204968933
0.0092797972024807,0.03538590136528283,0.06679425837320578
0.001084696736870691,0.02352017004759486,0.041177023596878776
0.01078240384179778,0.030245659401551585,0.0415966386554623
0.01297116514507821,0.03261921216309598,0.049199513154199
0.034954128440366994,0.0416435826408126,0.0493465420213014
0.03455674244499221,0.04413729555401973,0.053358122240297415
0.02591049103098387,0.037994408543012934,0.045469233254858486
0.014980265518478666,0.03215507411630564,0.028496114166250103
0.014221218961625308,0.016929971481598884,0.03410974037930398
0.012863609878535144,0.02133236915845611,0.04722183604430232
0.010038816758131442,0.025596883069813826,0.037821482602118005
-0.0007978016133321816,0.018891801500497185,0.03793738489871091
-0.0036182323611172094,0.03582568807339451,0.0333607907742998
0.002914164606146223,0.036884871724641576,0.038496708119970684
0.0009279717189570461,0.026046385214712812,0.049434766493698976
0.00859114177609618,0.016236096160746342,0.052196526423330586
0.0003982653332153439,0.020632054176072202,0.04463749364631947
0.001987808110257165,0.01667338980771816,0.04742334687846329
0.0038147622427253977,0.009681881051175728,0.04261690854641787
0.028120986670209444,0.028986791951068132,0.07183748845798708
0.028660737870916702,0.03097559899395495,0.07648007371573368
0.0274160081232617,0.027552101730837202,0.06659333608323022
0.025598022773413286,0.02686699072028274,0.059885974914481166
0.031715840226478595,0.03823725795682174,0.05581458512516415
0.03469558700348268,0.0385874856181963,0.06074301726475639
0.04290764471939894,0.0425390935595017,0.06922484483305397
0.025758097863542342,0.05633427963094388,0.07629033715990235
0.02829017761609238,0.06399185155661835,0.10211009174311922
0.03265727053970434,0.05802588711807699,0.09705103624577736
0.05155348997331964,0.07880446779391649,0.10690342453343007
0.036829017321214214,0.06730514608526789,0.08463401506996772
0.043630166169578224,0.08346972176759412,0.10582392776523701
0.025888733528240386,0.06740730943878671,0.08520460759266725
0.02028218694885367,0.07366327883340693,0.08405835898808729
0.005285940231416009,0.040360096485182656,0.07051679815619182
0.00524300932090554,0.03393965332762682,0.06596655341305219
-0.022385005729252033,0.026512547267102043,0.05479512539738607
-0.007277839804821648,0.033092348739134164,0.06084843128590359
-0.02212786804931815,0.02692505573658035,0.06619185399510351
-0.004749710887163414,0.026714955262036686,0.06633330383219758
-0.008766514384491894,0.0204652345239609,0.06387490060959453
8.280544859856014e-05,0.014319307970101726,0.07146025550035492
-0.0061677291166487664,-0.0007075668026304316,0.0632390062441876
-0.01113483193101426,-0.01701897470039948,0.04001937131284672
-0.008289248969050613,-0.02569978719921428,0.05107942254205122
-0.007055778223112883,-0.01654054501095811,0.049651337276017296
-0.008507283064281909,-0.024577447538172655,0.056840801521652565
-0.005979073243647225,-0.011234098793986447,0.055415950271128125
-0.008486855723452747,-0.014281598551261468,0.0583296509058771
0.0012078803781914783,-0.004761313294414796,0.03540661612680909
0.01879524192524234,-0.0037668681182218104,0.03004493901134167
0.010500672043010752,0.007074385700531735,0.033774492952904835
0.0005045620821594253,-0.008830757695672115,0.02396936053016608
0.0032646911099949824,0.0007515030060119338,0.027696793002915363
0.0002088554720132955,-0.006307839150101715,0.020238602471239882
0.0015448851774530461,-0.004027570171067924,0.016355239184780365
-0.011731425243364645,-0.01651831918857383,-0.002435542118081734
-0.008434786221797488,-0.006039401890957629,-0.006742695413302275
-0.008437941641034171,0.009820937222198796,-0.007365179760319499
0.0009245639840302538,0.000378024193548282,-0.02533147814699634
0.0012515644555695093,0.009124164319051371,-0.007567299342513387
0.0010440593025683859,0.0032646911099949824,-0.021392994202661914
-0.0024179764038854902,-0.0004594820384294638,-0.011688418965802133
0.014101700623000481,0.00588726513569936,-0.008478412972795005
0.02279584311096223,0.015392295532074288,0.010557694696311064
0.04032697547683913,0.031163003282503016,0.0272787482407483
0.04694126044422055,0.03645357053786674,0.04378584285654489
0.03962499999999996,0.04858163479722632,0.03932186445620026
0.04330413016270348,0.04330413016270348,0.04408817635270542
0.04379623051527443,0.04309876801002306,0.036519068763746575
0.04561869577850654,0.050152165756451414,0.04592260421856835
0.04224024909865607,0.07084526014480545,0.05315669633616218
0.02631260829270259,0.06729802212537715,0.06085218043233781
0.026268297573691646,0.07273108363026616,0.0832663082589003
0.02601098152378666,0.07486249317714243,0.07526881720430102
0.027591170825335912,0.07075000000000008,0.08051969894462434
0.026104015694438924,0.06921151439299138,0.07270215971873445
0.02802699483922181,0.08220151280872577,0.08170426065162896
0.008962616455049451,0.06541862106180739,0.07169102296450947
-0.002198665096191607,0.04121599475581766,0.05724269905982191
0.0055099648300117095,0.03682959261796356,0.06914031661611342
-0.0014843749999999822,0.025145377982755204,0.06251558733061764
-0.008638804576231719,0.02104124083203078,0.0706450935070393
-0.008310897811073486,0.016314779270633333,0.060325406758448094
-0.017029657089897933,0.019137606598070227,0.0630611818751306
-0.015350449994156022,0.0032949583167923148,0.053612373368908096
0.002754387345557634,0.0017689374582334882,0.07273951843744739
-0.001204772453460815,0.009030231645072679,0.07693597049949721
0.004811830060245748,0.003712387651426405,0.07671347725843643
0.011736536347935348,0.0068359375,0.08221018600159556
0.024118665407617344,0.01288037979609309,0.08454166666666675
0.022156747200942784,0.015217136837176546,0.08548185231539429
0.03137735923713068,0.006564720420142283,0.08930586317857007
0.025349238738031736,0.01803872676978219,0.08463741646257945
0.021556420233463113,0.033052648146690934,0.0756309406751885
0.02842125754331304,0.026582721231199622,0.06439134464278515
0.03394762366634336,0.042563179719896704,0.06877882494485665
-0.013523377770947937,0.007889778615167181,0.0290970301791511
-0.01748722087705143,0.0058231035568145646,0.022232885476647368
-0.020102815928796276,0.003417796110783642,0.02262081114625446
-0.02747799464217377,0.005499940648122561,0.008813021040095272
-0.031766587948503205,-0.0025113796892168214,-0.0007468847045874356
-0.05451448040885852,-0.02821011673151751,-0.019434628975264975
-0.06896810506566603,-0.03398870936344177,-0.030402500976944122
-0.03209097636016661,-0.03577109602327837,-0.029179687499999996
-0.043811610076670275,-0.060893618656114416,-0.04879757179547054
-0.04349698535745042,-0.06103232253353317,-0.04674392289984009
-0.05772863214229504,-0.08137036752858143,-0.0753398208217485
-0.044177812745869356,-0.07014925373134333,-0.05337593018272496
-0.02458458458458453,-0.07210329854498364,-0.041433855355315866
-0.019345477994518828,-0.07885671020253639,-0.054370214915860283
-0.022250834909266493,-0.08818011257035648,-0.049370158829512574
-0.012559319260350161,-0.05997585387701047,-0.052559271471188516
-0.01096966968196147,-0.05480363010483489,-0.04929965376141014
-0.006306118187513013,-0.0684363009944405,-0.06525240620703207
-0.017162612668230593,-0.0602864788288997,-0.05511811023622039
-0.025450515167686125,-0.06605035405192759,-0.06839585622351282
-0.024289002137103388,-0.049409409409409424,-0.07622568093385215
-0.016090534979423855,-0.03639368047718846,-0.0691454156122251
-0.01624062642416214,-0.044582143000845016,-0.07875848690591664
-0.0031039192153292225,-0.014563901161839315,-0.07457067117445934
0.010674960073968193,-0.0156768040604151,-0.075752334832238
0.021021775544388534,0.018250156608895406,-0.06460523287040601
0.038793648119287344,0.015022430752767855,-0.05618063528511292
0.03550819257824021,0.009153975616764459,-0.06360935476498825
0.02693546363294156,0.00908268946243633,-0.07049025175089903
0.03512318382817437,0.011481481481481448,-0.07771106941838653
0.020217535702424464,0.018146414218834134,-0.04291778634575683
0.007734530938123809,0.0029383768571783634,-0.052026286966045936
-0.016815683701090947,0.007480877532150967,-0.06146738704878236
-0.02449111994161054,0.007453936348408715,-0.0532819140563513
-0.03555157826228445,-0.0013057579714418192,-0.06726986624704955
-0.03637030098155014,-0.0034118192157028024,-0.052652652652652676
-0.04503844745514461,-0.018277636036638942,-0.05400612606803162
-0.04972533062054933,-0.0165087386818277,-0.060354886733995895
-0.03734422711892387,-0.0315094652939223,-0.045614465717558526
-0.032829968296345755,-0.0358865602129075,-0.05100077770046256
-0.035248150303433444,-0.04806824706750881,-0.03069534349551052
-0.017334458034584502,-0.05526721271591921,-0.04107502983907474
-0.01703296703296704,-0.05397819720143187,-0.04531833668568622
-0.008307770961145145,-0.051969209465238426,-0.043358540193983164
-0.0031687577613155014,-0.05289067903494853,-0.04201646090534983
-0.004115049937845512,-0.054608341810783265,-0.03745287318225128
-8.626266982955277e-05,-0.043368820665181114,-0.04055787774696844
-0.006807410598879725,-0.03837810779242445,-0.031184332184584298
-0.003562384651701843,-0.03499875301355065,-0.02780569514237862
0.07176334006965644,0.05128637705609446,0.04991365148898528
0.07440821411693943,0.05701606086221475,0.05340971315445856
0.0676145882555093,0.05883605998636674,0.039483039859467134
0.06744716566952175,0.061962060548965865,0.044430406401347704
0.06276150627615056,0.05611042050666554,0.022832945865161075
0.0627277459656428,0.056631442743152884,0.018712574850299403
0.055780496209510755,0.056053425247738126,0.005290788286440901
-0.04236540158870257,0.024507489591827886,-0.03211418376449605
-0.05522012075652766,0.01595218643849167,-0.03888708102831111
-0.03725908341045343,0.027924560725179362,-0.025495866085610684
-0.03552419354838711,0.027492589887881808,-0.026852190894666155
0.028736098709310872,0.09094822020402012,0.03137334689725334
0.050167360600865345,0.1097355821075787,0.06160765866138474
0.05736200073436417,0.12428422696512235,0.08113632571333229
0.11956430666108095,0.15110268780151626,0.11081552913791669
0.12548671068224143,0.06687795875792352,0.12159426402361878
0.10063944497847625,0.053020912471510334,0.11306001690617087
0.10071491283080386,0.05934897195509585,0.12167689161554181
0.03799416081432955,0.06084677419354829,0.12657902624930403
0.023904847047848697,0.06916145791054477,0.12915255690342503
0.02118300729251074,0.08033308841538099,0.14151390985551016
-0.0106271516240085,0.07869935947125765,0.1391641533821628
-3.760388072045615e-05,0.11403435274403029,0.14133653804884333
0.009796848300740398,0.12548671068224143,0.1434406845250893
0.012534184138559753,0.11413883896852917,0.14525067663358668
0.008210118210498404,0.1089510431038087,0.13943897933760044
0.011312732518411514,0.05105342065809188,0.14664485860629262
0.011184160810095893,0.04023010844637938,0.15438036492257254
0.009568835098335967,0.029941737083767374,0.1579472496963387
0.00030084235860403156,-0.004640023948510736,0.14576154376292214
0.0016921746324220232,0.0016921746324220232,0.06868330257562387
-0.02749643634181103,-0.01556863489652562,0.036626814346835124
-0.02156456173421311,-0.014243391066545125,0.04426025027159688
-0.04988738738738725,-0.03793378691702445,0.020604838709677473
-0.059524699200358744,-0.04452964847012382,0.021552074031983125
-0.0548083767279811,-0.04670142824756296,0.02987999020328199
-0.05770676691729321,-0.05200453857791215,0.022602097017665503
-0.06119078008859518,-0.059566787003610115,0.04767490573942197
-0.02727097396335581,-0.051705335990674235,0.06729304215337738
-0.02234809077948593,-0.048203166028959396,0.0604338195344171
-0.0023310023310023444,-0.047992459943449535,0.055729754588402576
0.004410187134967673,-0.05105105105105093,-0.00260396117730607
-0.010741181133571177,-0.06737164636424782,-0.029851906557313245
0.0008378216636744782,-0.06020304948862995,-0.03206389628429217
-0.001999360204734485,-0.06172932330827063,-0.06608292171830563
-0.006305020223649788,-0.05927622193858395,-0.05768435302523221
-0.014937137902494747,-0.035911282545805216,-0.05092082779570922
0.0031284650720734674,-0.02396640080144866,-0.037868429048921196
0.004707278481012649,0.003476749239461086,-0.03458892394237701
0.025601987259104876,0.01704477730541536,-0.028243869106370154
0.027864147333173918,0.02199762187871586,-0.02573112672863297
0.03297539866976516,0.02856572910432873,-0.02492435703479567
0.022267448820783003,0.02435220729366604,-0.03666516245487365
0.020764983596063047,0.011697993496708655,-0.04061219117812963
-0.0027239350992854516,-0.004374729042683109,-0.05236701928126634
0.0021260679554312846,0.007959765563123677,-0.04041470311027332
-0.007266192671302388,0.005221518987341745,-0.046096096096095995
-0.014659685863874459,0.01794943707680592,-0.050631492414617785
-0.003025483883480197,0.024595391852028855,-0.03708837522946103
0.006089706054573143,0.03265486016507735,-0.031090225563909706
0.00921099047544398,0.027495111536773274,-0.03341091673549057
0.0011479692819253901,0.011882851884452265,-0.024455159112825472
-0.013868699171021102,-0.009119260984564377,-0.032867105922243955
0.003344876436329271,0.0038584196228197555,0.0073485836197700015
-0.002243476207344406,-0.009688256895069887,0.007191386229091352
-0.016340504999416257,-0.019468683343028932,0.0021006738010305235
-0.024832188724634326,-0.025134789185834488,0.0027129463395172823
-0.025555382942364504,-0.02057227622282082,0.003278950735764528
-0.0037167371792337107,-0.01238584251166071,-0.0008327385201047187
0.013784860557768955,0.00728366716807855,0.0028770740550980107
0.0013334902145350567,0.003064471771500417,0.011048629811500047
0.011321499013806724,0.00885408468440107,0.014121835443037948
0.015464936914132012,0.01050891486598188,0.02864698104892025
0.027334580034217865,0.0045519978212660624,0.029259347843418538
0.038461538461538484,0.010941683156791964,0.04395384245532494
0.041195380402428955,0.018914090414789513,0.04692924697713404
0.03183211506720111,0.03815586572298448,0.05049211810834602
0.031921977204183064,0.04964143426294813,0.04006948008369183
0.03494948706946983,0.04063223124289126,0.04464742706405754
0.033535872867492454,0.0467455621301776,0.036604422220486106
0.02889233152594902,0.05074556025788084,0.03028892767112663
0.02061024755325275,0.0580511677873712,0.03145727473720963
0.00952925481227368,0.055599840573933905,0.03388374907288132
0.013101767215112727,0.055681231892685645,0.04260573041194687
0.022394291353526285,0.05855537216065396,0.06626553717045368
0.00471111446123695,0.044142415103207794,0.04734216005971784
0.011418880723572536,0.04684635487771577,0.056115221155359635
0.005006399156816924,0.03992365817558619,0.05085212736647387
0.006919374247894009,0.037025561580170424,0.041746099677080574
0.010836322446667941,0.027518710420264884,0.0387614945873589
0.011428571428571505,0.025500285877644358,0.04489669100512662
-0.006088506088506037,0.0196526508226692,0.05855838045154415
0.007877560207067383,0.01981325438396731,0.07043824701195221
0.0010432968179448154,0.01255040892473539,0.05369259128524935
0.008240008989100673,0.014471452798190973,0.06189349112426035
0.0008963250672244141,0.008808251148083921,0.060000791045366396
0.0064246227401761925,0.013237063778579954,0.07205665857637363
-0.004088611358905823,0.011666981310175475,0.06791550418493421
0.015912147019273834,0.022481203007518866,0.0794142159780927
0.012468363852910398,0.00991238491238476,0.06904818046058306
0.0012655400878432777,0.009077950333858564,0.05362108808898985
0.0008544150971433493,0.0038751024666518388,0.05090299176970789
0.005597014925373134,0.0094011011648376,0.04970008568980288
-0.00749703087885979,-0.0012697938452344451,0.035708752904725125
-0.002911099499887933,-0.0020917376363364794,0.02536941086163889
-0.01051547907934412,0.00029735355337490366,0.025805222031637053
-0.013932286880123384,0.001942327805169512,0.02163315051797687
0.0057249070631971025,0.006922733363108581,0.02687314962423154
-0.006755252022863904,-0.003945507332688164,0.008555383861606447
-0.0030426716141001603,-0.001894572606708982,0.012549462973431257
0.008002393239099492,0.005820895522388068,0.014680418580139942
-0.0006737535559215706,-0.009130047505938167,0.0039861612515042204
-0.007468787158145031,-0.0030977084421884905,0.008533131961487599
0.007418729495973789,-0.006434296639458784,0.015902255639097813
-0.005581429733126516,-0.011028195419622838,-0.001225126225126377
0.009977578475336169,0.004721189591078,0.013841998649561099
-0.0006327229417895485,-0.0033776260114320574,0.0004843878083314534
-0.0057872087846861636,-0.0055658627087198514,0.003782913217723476
0.010862236871675694,0.009199012788871362,0.007917538093815374
0.0062521058739843476,0.00606378200329371,0.003959360525922401
-0.002220330829293649,0.0018950653983352812,0.002192982456140258
0.010482102367765863,0.0134580972263645,0.015426565067981455
0.01043401043401041,0.009425593257928418,0.016413577489950752
0.028676771814829947,0.03217488789237652,0.028102434303580563
0.007537313432835753,0.004987345541164117,0.003083324046212653
0.0017415147472951953,0.00293070188455268,0.008768656716417996
0.008780415209465042,0.015581691512472724,0.006309382422802808
-0.0006675815005748872,0.0087604357755231,0.00563559005747552
-0.012580467169394944,-0.006660992487880736,-0.013052430325759288
-0.013182467318466316,0.0017098464855221961,-0.009337205455280535
-0.023931066941819474,-0.002479002479002328,0.0022304832713755493
0.0018146803940449195,0.007448512159696101,0.004045727859846986
0.009913075642685221,0.01876865671641781,0.013098330241187282
0.005015858965847952,0.009708018378538626,0.018996335352628763
0.01640378548895905,0.018937420939058085,0.025116035334630853
0.01233096151696905,0.007825538701183153,0.009735434007134381
0.009647853352628914,0.000882839801360869,0.014352818371607389
0.006157270029673472,-0.0067010875535537156,0.0026613439787091385
0.006801966655576621,-0.013974874189927797,0.017750373692077725
-0.005054389627513444,0.006036589882230929,0.011054041983028028
-0.011963302752293544,-0.0041057887923063195,-0.001187119750704827
-0.023916456713039075,-0.014088662683484523,0.00127350363323086
0.003863987635239609,0.012395620708851482,0.02126464752349222
0.01815575728619206,0.03203814774801612,0.02516374939866023
0.026174150261741587,0.03291402278377678,0.03468014719548022
0.02827244354690651,0.03876112759643913,0.036186036186036295
0.0383213694091663,0.042697127647776466,0.05046366988194113
0.053521022136383774,0.03889682452477752,0.05839552238805962
0.04777046236720029,0.02785321100917422,0.037831628872091225
0.030572968217309926,0.026508927593383688,0.04594835925292069
0.014186189221383991,0.03392949142562733,0.04202054667507319
0.012214398620491368,0.03553971112499547,0.03645392679786635
0.00028566327441522613,0.03269925532699257,0.02577904720055667
-0.018364886903495733,0.016633008995777392,0.0024256905977336663
-0.022104706504494913,0.021093318608503657,0.027257240204429354
-0.008818594023349533,0.03112464715495467,0.026891067135195047
-0.014690712481769983,0.03621128235822238,0.02161245113225645
-0.014486047835990865,0.015029876461747005,0.0276118018185192
-0.012067007382169141,0.004800924087644085,0.03699288455090715
0.0006068611002035338,0.006969392154045113,0.040112805669969206
0.014627275353943987,0.0031422960185680964,0.04202522255192872
0.01344725647126692,-0.003368077713961528,0.03918524268973429
0.016857575102658333,-0.004759386567953344,0.03395231293264491
0.021263537906137137,0.009996786747117039,0.038128440366972424
0.022030409187764177,0.006616156226656756,0.0333004710263994
0.007436413277769769,-0.001886389521639994,0.03197909766688746
0.0012129860863359793,-0.003975014196479289,0.031423426072255546
-0.00437831488271106,-0.0015350016063970543,0.031114060311140595
-0.011668030308420296,0.003431089280554712,0.020121167615200886
-0.008076514346440062,0.009517629245078905,0.030811706239646623
-0.021775248329739365,-0.003205820906274715,0.027819046204130178
-0.019011272483126597,0.0022021660649819987,0.03849319168038314
-0.00538458795421314,0.007331431254288814,0.02247149822207557
0.006271379703534746,0.01451357953728971,0.019384182218532307
0.004504826599928463,0.002354620049946372,0.009340422474493338
0.026527012921570763,0.01519951589363892,0.01838957329048376
0.019820012856224596,0.01586567535840055,0.012444160816847447
0.03501608065623531,0.014594403117251166,0.009765556143134282
0.031519037498649184,0.01226625190003191,0.02238566175157999
0.02810841818442555,0.013322025513268955,0.020026322341977005
0.02029036827195474,0.02745783261419958,0.025519646924829217
0.026800968109339515,0.027971778791334174,0.023885576377058553
0.005575035063113716,0.025348587772613628,0.023774676043265715
0.017859018804496352,0.046215311521434085,0.04980496966194749
0.011346972976747433,0.0344618241554176,0.044307448265916864
0.009638217628160325,0.0447728833158674,0.04142352856422448
0.012275073231970923,0.04563956629804387,0.04794223826714791
0.005900114531634987,0.03911515846837791,0.04673335981797825
0.004714201532115545,0.026381019830028492,0.04127748239689614
0.004672408382440025,0.025519646924829217,0.027934356047092344
-0.0008944851549867234,0.018267882187938417,0.03374506104723603
0.008492422411709806,0.022971600658332467,0.039201735975240945
0.019299944659656836,0.028908595768451825,0.04392490258590144
0.015226677690505775,0.029124179354658383,0.04174767577503624
0.020667287720387846,0.031594364625470786,0.045337291070355785
0.024667931688804472,0.030784715232707476,0.059087829404842536
0.03130531357373401,0.030018371520676514,0.05882981755986314
0.03336661960676284,0.04641026535095366,0.07293528780836624
0.04480881799198998,0.050056765404066506,0.09858546593240487
0.029012555140821215,0.046880933476024386,0.08295836011713456
0.030709195792331223,0.050601826231322616,0.09764029920861482
0.0397539044013251,0.059597629874603875,0.10795720615251601
0.03097643097643094,0.05648138563985786,0.09780582245805239
0.029109877166414385,0.05502846299810242,0.08286118980169985
0.004398533822059291,0.046125013014958596,0.07282175398633271
-0.01972347814691055,0.030267552770221282,0.04908835904628331
-0.004517724649629034,0.033375551980282754,0.05711384249045769
0.0034567901234568276,0.034272141160502284,0.0641714964038824
-0.01541062487808053,0.027621309806582922,0.05754993714205881
-0.011757021554539405,0.02291934284362122,0.05523782954386955
-0.009810333551340745,0.019528619528619565,0.050914517752403486
0.007265609448609905,0.02173986202254766,0.052410828798225256
0.02987967914438502,0.02679106964345206,0.07444471564559421
0.014641579435537353,0.0035384312954589606,0.053772319124780664
0.0019356955380576606,0.007056883759274481,0.05426865053336545
-0.002146347906485198,-0.00513580246913581,0.0452061427780852
-0.0013218770654330274,-0.017491384355289668,0.04106380046851322
-0.004458388375165201,-0.015512736773350752,0.04009246799848189
-0.00415006093343431,-0.01128188358404182,0.04312575470070726
-0.017005257350554973,0.00491009223011068,0.05126158331308778
-0.0059418870388507775,0.017647058823529512,0.048448744877931174
-0.005435672418874123,0.006128262885915009,0.039708349022695454
-0.0065852609285549125,-0.015091863517060442,0.018663047166610113
-0.0028457974851092446,-0.004953110553427553,0.02253138785205289
0.002819704760325171,-0.0009914077990747236,0.021905212629301663
0.004795766495782995,0.0033025099075297223,0.022895622895622934
0.009078903928689337,0.006719146273179288,0.02860508160861518
0.011232264844981472,-0.0007788667488804086,0.025991336221259428
0.014091462812366156,0.005582761998041069,0.009140947513268997
0.02778147901399078,0.01031467959003253,0.017444352844188032
0.01828499369482992,0.015420761772394934,0.010205761316872503
0.024082037710883138,0.024420913302448697,0.006502373366278692
0.02083607636603023,0.02879416155249629,0.012834748530372328
0.01138557173237369,0.022424342649247468,0.010889470241988174
0.007762260474180069,0.024397490921096214,0.029427377081812766
0.01077887081588258,0.022497372569626792,0.04054144385026737
0.014001426071173892,0.030059592401145738,0.03637206837153842
0.020107544402802536,0.042704863424383725,0.026968503937007775
0.016150914141740424,0.043937081038030165,0.03876634526482634
0.020410795472866165,0.04684088653655299,0.04580304031725035
0.0264290104486786,0.04443712969058591,0.04788639365918097
0.023913113538947303,0.039456895141501726,0.04644115806462226
0.02331930748723217,0.034719064631373815,0.0339131563574998
0.026497474908904823,0.04266095256647507,0.04848188050930449
0.020350137371413984,0.03516561872042512,0.04584302040014408
0.013859749507279591,0.039400358481342594,0.05542870379562527
0.00571952221449789,0.02807028877834485,0.0531767041694242
-0.005452253387960977,0.017541031180472698,0.04684027201857689
-0.002738346290642424,0.024940963348752888,0.04792459070613511
0.004425750965190449,0.03129330626188397,0.05645427533839559
-0.001307800093414165,0.030193042752063838,0.05336967945349448
-0.019537242869219477,0.0009269321741352796,0.03101438777861903
-0.020317301059760515,-0.0017890230656188177,0.04083944037308458
-0.03261381845602789,-0.021266450505435814,0.02173624477334576
-0.023988338561967214,-0.026733236427984516,0.0188554416142904
-0.02591213230652689,-0.027324298770879343,0.015898617511520684
-0.03699999999999992,-0.03005885870762631,0.00821200719777539
-0.04405574782527358,-0.03763457735647683,-0.004222150048716969
-0.007312789398051936,-0.03204110228865005,0.009252946332911344
-0.00790501184151562,-0.029431103040170256,0.004699552732222689
0.007112929942511929,-0.02777951965887005,0.010526315789473557
0.017175324675324743,-0.015647092091620202,0.011983978293171512
0.022713281275313454,0.00022182083214498583,0.01776674297875082
0.009475597092419389,-0.0181795227875268,0.006308025749684562
0.01490541422048269,-0.02759374999999995,0.002836056592220166
0.006723283793347407,-0.024257163346116762,0.0052034818359939766
0.012097164424658859,0.0018840811112886217,0.0028127597008246355
0.0018059855521155904,-0.00582474556743261,-0.00760334802887993
-0.002042835711321916,0.015460066907012215,-0.006135164346112299
-0.018818907616271696,0.005519480519480482,-0.02136130948619096
0.011476147614761454,0.019505556815604386,-0.008351717617396892
0.018542918661824666,0.028491692627206557,-0.0024235938434420757
0.006135165361878946,0.026973255055446774,-0.011676449354970246
0.006629693376681277,0.015955735700958564,-0.016596605947376566
0.01950811228431626,0.021645859543856186,-0.008422305018942353
0.020342235726851156,0.02879901960784316,0.00021947701762084775
0.035711979334840174,0.02384372306808379,0.00782354604581019
0.014206260924837209,0.011025218603472369,0.011249485058782557
-0.010632927367956095,0.008004371865758034,-0.010320666582502153
-0.00981357385587713,0.0019603432207473625,-0.025687500000000085
-0.01798492812361474,-0.008979070138999849,-0.03301842671405865
-0.014935269971581818,-0.005641614075348957,-0.0037681622225768804
-0.014388263690793313,0.012168426474375578,0.0062728029187737195
-0.015307394937024469,0.010235087158164227,0.025853389197440763
-0.009244171471546717,0.02089118501775921,0.026525974025974078
0.007398666964314167,0.003940886699507418,0.023523312704532905
0.01927641285521858,0.002681895626932614,0.031249999999999983
0.022151286515767088,0.006796455680121912,0.03395303326810165
0.03477898515882926,0.022164524096004053,0.038473911085375984
0.026525030214362873,0.019134827912851288,0.04119487725410491
0.01304416653474752,0.0030093100529765097,0.03189499484004142
0.004902425910111684,-0.009477490958972327,0.014140253439305457
0.0041153566114787155,-0.006047881674605186,0.004910657711316726
0.0007552157084865862,0.014223299422776349,0.022341519866272305
0.004731711933377496,0.021585733530053303,0.023588392197191166
-0.010470231088532294,0.02998645772876769,0.020738137082601086
-0.002044863056140687,0.03247107093630796,0.026646267610123075
0.003375316435915817,0.02108644488264104,0.033511460211177006
0.002580888832934638,0.008516700965648242,0.018838957300495902
0.012673791733661155,0.015940791346427438,0.03716499838553436
0.02732446624532294,0.034284086232549436,0.03836008263149547
0.03506954255753356,0.03741464489128036,0.040196882690730136
0.02729777109942408,0.03517239203810616,0.042207895321878935
0.02610990375659723,0.02382132457716374,0.04651383699575707
0.03114779629341224,0.025684719296071447,0.045311019892642954
0.0395240786086519,0.03487826983779719,0.037992539418827014
0.04682295071759914,0.058321792773511176,0.04829155755081684
0.010375857002938253,0.040732683880324146,0.03443845575332166
0.015712205775297278,0.05291953589284043,0.06789552571993501
0.01474890297415887,0.045493077140435184,0.06806081211110408
0.004508184321200597,0.039318807913849244,0.07048429741407111
-0.00619241806373663,0.021421918658801543,0.054588582235471264
-0.007338507534805082,0.023828064164460292,0.045416958208765255
-0.017130111524163542,0.03751491178501911,0.046351116036093036
0.013965041955711773,0.04205971171507752,0.058670968150045896
0.02998267932867456,0.055643976493633535,0.09183576561461265
0.05531531531531536,0.06594273234651786,0.10582460115170393
0.0553915662650602,0.06774134568503157,0.10529636289076054
0.07857142857142864,0.07364376266981341,0.0992193792206184
0.08725281411621542,0.0795348134722851,0.1072623621266576
0.06708221126206547,0.06501978075076263,0.10216582804637933
0.0051983747609941205,0.0006245353159850692,0.058982752108774864
-0.021194549144679626,0.022659113628790285,0.06431476402156429
-0.017045131182061374,0.03156543032909273,0.08615539414520654
